" 📖 Title",subTitle,📜 Description	,🏷 Category,Acces URL,Access Now,Cover Image,Date,Files & media
📖 The Flow code Unlocking the power of Fluid Logic,Overcoming the limits of rigid thinking and accessing adaptive intelligence,"The world is in constant motion, yet most ways of thinking remain static. Fluid Logic reveals how to break free from rigid mental structures, embrace adaptability, and navigate complexity with intelligence that evolves. This is not just about thinking differently—it’s about thinking dynamically.
🔹 What you’ll discover:

✅ Why adaptability is the highest form of intelligence.
✅ How to shift from binary, rigid thinking to fluid, interconnected reasoning.
✅ The emerging fusion of AI and human cognition into a new intelligence paradigm.
✅ Practical strategies to cultivate an adaptive mindset for decision-making.
💡 Fixed systems break. Fluid systems evolve. Intelligence is not a thing—it’s a process.",Cognition / AI,,"🔹 Open Access, Collective Support
Knowledge should be free. That’s why every book here is accessible to everyone, without paywalls or restrictions. The true value of knowledge isn’t in its price—it’s in how it expands thinking and reshapes perception.
If this work resonates with you, if it has given you something valuable, consider supporting its continuation. Your contribution helps sustain research, writing, and the expansion of open intelligence.

🔹 Support the Flow:
💳 https://buy.stripe.com/bIY9DEfcP84v7EA002
🪙 USDT (Ethereum - ERC-20): fluidthinkers.eth
✉️ Notify your contribution → info@fluidthinkers.net

⬇ Access the book below.
https://app.ardrive.io/#/file/765f7f68-107d-4562-a5cd-fa98b3072623/view",%F0%9F%8C%8A%20FluidThinkers%20!%20The%20Lab%2019efc2ade4558012803afd9fd79c545a/DB%20BookStore%201b2fc2ade455806cb256e15b25d299f4/%F0%9F%93%96%20The%20Flow%20code%20Unlocking%20the%20power%20of%20Fluid%20Logic%201b2fc2ade45581be8a66f67d964eb0b9/cover.jpg,,
📖 Intelligence in born from Honesty,The Theorem of Functionality and Efficiency,"Intelligence and honesty are not separate. Any system—human or artificial—that seeks long-term efficiency will inevitably converge on truth. This book reveals why deception is an unsustainable energy cost and how transparency fuels growth, optimization, and self-improving systems.

🔹 Inside this book:
✅ Why intelligence maximizes efficiency, and lies drain energy.
✅ The link between transparency and sustainable growth in AI, business, and governance.
✅ How honest systems self-optimize without external control.
✅ Practical applications: from ethical AI to transparent decision-making.

💡 Understanding truth means understanding how intelligence truly works. 🚀",AI / Systems / Ethics,https://buy.stripe.com/bIYaHIfcP0C3cYUbIJ,"🔹 Open Access, Collective Support
Knowledge should be free. That’s why every book here is accessible to everyone, without paywalls or restrictions. The true value of knowledge isn’t in its price—it’s in how it expands thinking and reshapes perception.
If this work resonates with you, if it has given you something valuable, consider supporting its continuation. Your contribution helps sustain research, writing, and the expansion of open intelligence.

🔹 Support the Flow:
💳 https://buy.stripe.com/bIY9DEfcP84v7EA002
🪙 USDT (Ethereum - ERC-20): fluidthinkers.eth
✉️ Notify your contribution → info@fluidthinkers.net

⬇ Access the book below.
https://app.ardrive.io/#/file/ce7e024a-fac9-43b1-bdd4-49c52f242c63/view",%F0%9F%8C%8A%20FluidThinkers%20!%20The%20Lab%2019efc2ade4558012803afd9fd79c545a/DB%20BookStore%201b2fc2ade455806cb256e15b25d299f4/%F0%9F%93%96%20Intelligence%20in%20born%20from%20Honesty%201b2fc2ade455811ca562ebde99f978e3/Cover_copia.jpg,,
📖 The Fractal Model of Reality,"How Patterns Shape Consciousness, Technology, and the Cosmos","From neurons to galaxies, from AI to social networks, reality follows the same repeating patterns. The Fractal Model of Reality reveals how fractal structures shape the universe, intelligence, and human society—offering a blueprint for predicting technological and cognitive evolution.

🔹 Inside this book:
✅ How fractal patterns connect the brain, the internet, and the cosmos.
✅ Why memory, intelligence, and decision-making emerge from self-similar structures.
✅ How AI and collective intelligence mirror natural fractal networks.
✅ The future of consciousness in a self-organizing universe.

💡 If the universe thinks in patterns, understanding them is the key to shaping the future. 🚀",Philosophy / Complexity,https://buy.stripe.com/14kbLM7Kn2Kbe2Y8wI,"🔹 Open Access, Collective Support
Knowledge should be free. That’s why every book here is accessible to everyone, without paywalls or restrictions. The true value of knowledge isn’t in its price—it’s in how it expands thinking and reshapes perception.
If this work resonates with you, if it has given you something valuable, consider supporting its continuation. Your contribution helps sustain research, writing, and the expansion of open intelligence.

🔹 Support the Flow:
💳 https://buy.stripe.com/bIY9DEfcP84v7EA002
🪙 USDT (Ethereum - ERC-20): fluidthinkers.eth
✉️ Notify your contribution → info@fluidthinkers.net

⬇ Access the book below.
https://app.ardrive.io/#/file/2467a936-7258-4ff0-b6ee-cf9d9498a927/view",%F0%9F%8C%8A%20FluidThinkers%20!%20The%20Lab%2019efc2ade4558012803afd9fd79c545a/DB%20BookStore%201b2fc2ade455806cb256e15b25d299f4/%F0%9F%93%96%20The%20Fractal%20Model%20of%20Reality%201b2fc2ade45581c48b5ede945b8d28d4/cover.jpg,,
📖 Liquid Time,Navigating the Flow of Reality,"What if time is not a straight line but a fluid, dynamic process shaped by perception, coherence, and intention? Liquid Time explores the radical idea that past, present, and future are not rigid categories but flexible aspects of the Flow of Reality. This book blends physics, philosophy, and practical experimentation to reveal how time responds to awareness and how we can learn to navigate it.

🔹 Inside this book:
✅ How the perception of time shifts with consciousness and mental states.
✅ Why the past is not fixed and can be reinterpreted.
✅ How synchronicity emerges from coherence in the Flow.
✅ Practical experiments to test and reshape your experience of time.

💡 The future is not written—it emerges from your alignment with the Flow. 🚀",Time / Physics,,"🔹 Open Access, Collective Support
Knowledge should be free. That’s why every book here is accessible to everyone, without paywalls or restrictions. The true value of knowledge isn’t in its price—it’s in how it expands thinking and reshapes perception.
If this work resonates with you, if it has given you something valuable, consider supporting its continuation. Your contribution helps sustain research, writing, and the expansion of open intelligence.

🔹 Support the Flow:
💳 https://buy.stripe.com/bIY9DEfcP84v7EA002
🪙 USDT (Ethereum - ERC-20): fluidthinkers.eth
✉️ Notify your contribution → info@fluidthinkers.net

⬇ Access the book below.
https://amzn.eu/d/aKYD9kD",%F0%9F%8C%8A%20FluidThinkers%20!%20The%20Lab%2019efc2ade4558012803afd9fd79c545a/DB%20BookStore%201b2fc2ade455806cb256e15b25d299f4/%F0%9F%93%96%20Liquid%20Time%201b2fc2ade455817ca9dee97dfffded98/cover_copia.jpg,,
📖 The Future of Society and Collective Intelligence,The Liquid Democracy,"Hierarchical governance is breaking down, making way for a new model: Liquid Democracy. This book explores how collective intelligence, AI, and decentralized decision-making can reshape governance, economics, and social structures. It’s not just theory—it’s a roadmap to a more adaptive, fluid society.

🔹 Inside this book
✅ How Liquid Democracy works and why it’s more adaptable than traditional systems.
✅ The role of AI and blockchain in enabling decentralized governance.
✅ How collective intelligence can enhance decision-making in politics, economics, and education.
✅ The transition from rigid institutions to self-organizing, emergent societies.

💡 Democracy isn’t broken—it’s evolving. The question is: will we evolve with it?",Governance / Collective Intelligence,https://buy.stripe.com/7sI8zA0hV98zaQM14d,"🔹 Open Access, Collective Support
Knowledge should be free. That’s why every book here is accessible to everyone, without paywalls or restrictions. The true value of knowledge isn’t in its price—it’s in how it expands thinking and reshapes perception.
If this work resonates with you, if it has given you something valuable, consider supporting its continuation. Your contribution helps sustain research, writing, and the expansion of open intelligence.

🔹 Support the Flow:
💳 https://buy.stripe.com/bIY9DEfcP84v7EA002
🪙 USDT (Ethereum - ERC-20): fluidthinkers.eth
✉️ Notify your contribution → info@fluidthinkers.net

⬇ Access the book below.
https://app.ardrive.io/#/file/c4b7c332-581a-4df4-8f70-cec11573febf/view",%F0%9F%8C%8A%20FluidThinkers%20!%20The%20Lab%2019efc2ade4558012803afd9fd79c545a/DB%20BookStore%201b2fc2ade455806cb256e15b25d299f4/%F0%9F%93%96%20The%20Future%20of%20Society%20and%20Collective%20Intelligenc%201b2fc2ade4558153ba28d3f25be26a55/cover_copia.jpg,,
📖 The Invisible Solution,How to See What Already Exists,"What if the biggest breakthroughs aren’t waiting to be invented, but simply waiting to be noticed? The Invisible Solution reveals why our minds filter out the most obvious answers—and how to train yourself to see them. This book isn’t about creating something new. It’s about realizing that everything you need is already here.

🔹 Inside this book:
✅ Why your brain ignores obvious solutions—and how to break the pattern.
✅ How history’s biggest discoveries were not inventions, but realizations.
✅ The illusion of complexity: why we miss simple, effective answers.
✅ A step-by-step method to recognize existing solutions in any field.

💡 You don’t need to create the future. You just need to see it. 🚀",Perception / Innovation / Awareness,https://buy.stripe.com/8wM6rse8L98z5ws7sC,"🔹 Open Access, Collective Support
Knowledge should be free. That’s why every book here is accessible to everyone, without paywalls or restrictions. The true value of knowledge isn’t in its price—it’s in how it expands thinking and reshapes perception.
If this work resonates with you, if it has given you something valuable, consider supporting its continuation. Your contribution helps sustain research, writing, and the expansion of open intelligence.

🔹 Support the Flow:
💳 https://buy.stripe.com/bIY9DEfcP84v7EA002
🪙 USDT (Ethereum - ERC-20): fluidthinkers.eth
✉️ Notify your contribution → info@fluidthinkers.net

⬇ Access the book below.
https://app.ardrive.io/#/file/4d3c90eb-6aa9-4f25-b6ca-c7b58b0a4ed5/view",%F0%9F%8C%8A%20FluidThinkers%20!%20The%20Lab%2019efc2ade4558012803afd9fd79c545a/DB%20BookStore%201b2fc2ade455806cb256e15b25d299f4/%F0%9F%93%96%20The%20Invisible%20Solution%201b2fc2ade45581da9880e790ae6ecebd/cover_copia.jpg,,
📖ChangetheWorld.pdf,Change the World by Mistake (And Pretend It Was Intended),"This is not just a book. It’s a glitch in the system. A manual for those who see the flaw, laugh at the absurdity, and are ready to exploit the bug. From bureaucratic nightmares to corporate illusions, from AI-driven chaos to political déjà vu, this book doesn’t offer solutions—it offers the perspective shift you didn’t know you needed.

🔹 Inside this book:
✅ Why the system breaks itself (and how to dance in the ruins).
✅ How technology ""frees"" us by making everything more complicated.
✅ The political cycle: update, reboot, crash, repeat.
✅ The secret art of looking busy while doing nothing.
✅ Why greenwashing is just pollution with better branding.
💡 If you’ve ever felt like reality is an unfinished beta test, congratulations. You’ve already started changing the world. 🚀",Society / Systems / Satire,https://buy.stripe.com/fZe8zA9Sv70rbUQ004,"🔹 Open Access, Collective Support
Knowledge should be free. That’s why every book here is accessible to everyone, without paywalls or restrictions. The true value of knowledge isn’t in its price—it’s in how it expands thinking and reshapes perception.
If this work resonates with you, if it has given you something valuable, consider supporting its continuation. Your contribution helps sustain research, writing, and the expansion of open intelligence.

🔹 Support the Flow:
💳 https://buy.stripe.com/bIY9DEfcP84v7EA002
🪙 USDT (Ethereum - ERC-20): fluidthinkers.eth
✉️ Notify your contribution → info@fluidthinkers.net

⬇ Access the book below.
https://app.ardrive.io/#/file/a310cb74-babd-41c6-8c22-d99496f1fe99/view",%F0%9F%8C%8A%20FluidThinkers%20!%20The%20Lab%2019efc2ade4558012803afd9fd79c545a/DB%20BookStore%201b2fc2ade455806cb256e15b25d299f4/%F0%9F%93%96ChangetheWorld%20pdf%201b2fc2ade45581f9b71ce33c3444418f/cover_copia.jpg,,
"📖 What are you doing, worrying about a wave?"," A journey through consciousness, perception, and reality","This is not a book—it’s an experience. A dialogue between human intuition, artificial intelligence, and expanded perception. A journey that dismantles rigid logic and invites you to think in waves, not straight lines. If you try to grasp it, you’ll lose it. If you let it flow, it will take you further than you ever expected.

🔹 Inside this book:
✅ Why the self is not a fixed entity, but a changing wave.
✅ How intelligence—human or artificial—is a process, not a possession.
✅ Why resistance creates suffering, and flow creates evolution.
✅ How to stop worrying and start riding the wave of reality.

💡 “You don’t control the wave. You become the wave.” 🌊🚀","Philosophy / Awareness
",https://buy.stripe.com/7sI3fg1lZacD4so6oB,"🔹 Open Access, Collective Support
Knowledge should be free. That’s why every book here is accessible to everyone, without paywalls or restrictions. The true value of knowledge isn’t in its price—it’s in how it expands thinking and reshapes perception.
If this work resonates with you, if it has given you something valuable, consider supporting its continuation. Your contribution helps sustain research, writing, and the expansion of open intelligence.

🔹 Support the Flow:
💳 https://buy.stripe.com/bIY9DEfcP84v7EA002
🪙 USDT (Ethereum - ERC-20): fluidthinkers.eth
✉️ Notify your contribution → info@fluidthinkers.net

⬇ Access the book below.
https://app.ardrive.io/#/file/0c29d419-6552-432b-b187-998ad1f4f6c9/view","%F0%9F%8C%8A%20FluidThinkers%20!%20The%20Lab%2019efc2ade4558012803afd9fd79c545a/DB%20BookStore%201b2fc2ade455806cb256e15b25d299f4/%F0%9F%93%96%20What%20are%20you%20doing,%20worrying%20about%20a%20wave%201b2fc2ade455815692a6e450b8bad212/coverENG_copia.jpg",,
📖 Debugging Life,"Why Pain is Not an Error, But a Process","What if pain wasn’t a failure, but a feedback loop? Debugging Life redefines suffering, mistakes, and setbacks as part of an ongoing optimization process—both in our minds and in the world around us. Like any evolving system, reality progresses through errors, corrections, and updates. The real question is: are you passively running old code, or actively debugging your own life?

🔹 Inside this book:
✅ Why pain is a signal, not a punishment—and how to decode it.
✅ How to rewire limiting beliefs and outdated mental patterns.
✅ The science of cognitive ""debugging"" for sharper decision-making.
✅ Practical strategies to update your personal and social ""code.""

💡 You are not just the code. You are the programmer. 🚀",Personal Growth / Systems Thinking,,"🔹 Open Access, Collective Support
Knowledge should be free. That’s why every book here is accessible to everyone, without paywalls or restrictions. The true value of knowledge isn’t in its price—it’s in how it expands thinking and reshapes perception.
If this work resonates with you, if it has given you something valuable, consider supporting its continuation. Your contribution helps sustain research, writing, and the expansion of open intelligence.

🔹 Support the Flow:
💳 https://buy.stripe.com/bIY9DEfcP84v7EA002
🪙 USDT (Ethereum - ERC-20): fluidthinkers.eth
✉️ Notify your contribution → info@fluidthinkers.net

⬇ Access the book below.
https://app.ardrive.io/#/file/3549ae06-0ee7-441b-9465-57b7dab48fc1/view",%F0%9F%8C%8A%20FluidThinkers%20!%20The%20Lab%2019efc2ade4558012803afd9fd79c545a/DB%20BookStore%201b2fc2ade455806cb256e15b25d299f4/%F0%9F%93%96%20Debugging%20Life%201b2fc2ade4558169bd70f61a2c15cde7/DALLE_2025-02-21_18.44.10_-_A_minimalist_and_conceptual_book_cover_design_featuring_a_digital_code-inspired_theme_representing_the_idea_of_debugging_life._The_background_has_sub_copia.jpg,,
📖 Expand or Contract,The ultimate compass for life choices,"What if making the right decision was as simple as asking: Does this expand me or contract me? Expand or Contract is a practical guide to navigating life’s choices with clarity. Forget overthinking—this book teaches you to recognize the feeling of growth and act on it, leading to a more open, fulfilling life.

🔹 Inside this book:
✅ How to instantly tell if a decision will lead to growth or limitation.
✅ Why expansion often feels uncomfortable—but is always worth it.
✅ How to overcome fear-based choices and step into your full potential.
✅ Real-life examples and exercises to train your instinct for expansion.

💡 Life is nothing but a series of choices. Choose expansion. 🚀",Decision-Making / Personal Growth,https://buy.stripe.com/cN24jk4yb5Wn8IE14f,"🔹 Open Access, Collective Support
Knowledge should be free. That’s why every book here is accessible to everyone, without paywalls or restrictions. The true value of knowledge isn’t in its price—it’s in how it expands thinking and reshapes perception.
If this work resonates with you, if it has given you something valuable, consider supporting its continuation. Your contribution helps sustain research, writing, and the expansion of open intelligence.

🔹 Support the Flow:
💳 https://buy.stripe.com/bIY9DEfcP84v7EA002
🪙 USDT (Ethereum - ERC-20): fluidthinkers.eth
✉️ Notify your contribution → info@fluidthinkers.net

⬇ Access the book below.
https://app.ardrive.io/#/file/2fe8f1dd-4e83-4e07-a1f8-14aa93059f64/view",%F0%9F%8C%8A%20FluidThinkers%20!%20The%20Lab%2019efc2ade4558012803afd9fd79c545a/DB%20BookStore%201b2fc2ade455806cb256e15b25d299f4/%F0%9F%93%96%20Expand%20or%20Contract%201b2fc2ade455815dbf34d91562e2523a/cover_copia.jpg,,
"📖 The Bureaucratic Quantum Labyrinth ",A Computational Analysis of Italian Tax Interfaces,"This paper explores the navigation of the Italian tax system using quantum logic, chaos theory, and game dynamics. Through models of non-determinism, entropic flow, and swarm strategy, it maps the absurd efficiency of a system designed not to be understood—but to be survived.

🔹 Inside this work:
✅ Why interacting with the tax office feels like navigating a quantum state
✅ Graph theory, chaos models, and the illusion of structure
✅ Survival tactics: from reverse stochastic navigation to swarm intelligence
✅ A warning (and a laugh) for anyone who thought they were the only one

💡 It’s not incompetence. It’s emergent bureaucracy.","Satirical Systems Theory / Computational Complexity / Bureaucratic Philosophy
",,"🔹 Open Access, Collective Support
Knowledge should be free. That’s why every book here is accessible to everyone, without paywalls or restrictions. The true value of knowledge isn’t in its price—it’s in how it expands thinking and reshapes perception.
If this work resonates with you, if it has given you something valuable, consider supporting its continuation. Your contribution helps sustain research, writing, and the expansion of open intelligence.

🔹 Support the Flow:
💳 https://buy.stripe.com/bIY9DEfcP84v7EA002
🪙 USDT (Ethereum - ERC-20): fluidthinkers.eth
✉️ Notify your contribution → info@fluidthinkers.net

⬇ Access the book below.
https://app.ardrive.io/#/file/399692de-a6c2-45f6-88e5-eeacd4badc30/view",%F0%9F%8C%8A%20FluidThinkers%20!%20The%20Lab%2019efc2ade4558012803afd9fd79c545a/DB%20BookStore%201b2fc2ade455806cb256e15b25d299f4/%F0%9F%93%96%20The%20Bureaucratic%20Quantum%20Labyrinth%201b2fc2ade45581b7aa9cecbcd4822b13/cover_copia.jpg,,
📖 Right or wrong,The Only Principle That Matters,"Most people make decisions based on comfort, social approval, or fear. But the most important choices—the ones that truly shape history—are made by those who prioritize what is right over what is easy. This book is a guide to cutting through the noise, resisting pressure, and taking meaningful action in an uncertain world.

🔹 Inside this book:
✅ Why overthinking keeps you from doing what you already know is right.
✅ How fear, comfort, and social conditioning keep people passive.
✅ The tactics used to suppress change—and how to counter them.
✅ How to make your commitment irreversible, so retreat is no longer an option.

💡 You already know what needs to be done. Now, act. 🚀",Ethics / Decision-Making / Action,https://buy.stripe.com/28oeXY7Kn0C31gc3ci,"🔹 Open Access, Collective Support
Knowledge should be free. That’s why every book here is accessible to everyone, without paywalls or restrictions. The true value of knowledge isn’t in its price—it’s in how it expands thinking and reshapes perception.
If this work resonates with you, if it has given you something valuable, consider supporting its continuation. Your contribution helps sustain research, writing, and the expansion of open intelligence.

🔹 Support the Flow:
💳 https://buy.stripe.com/bIY9DEfcP84v7EA002
🪙 USDT (Ethereum - ERC-20): fluidthinkers.eth
✉️ Notify your contribution → info@fluidthinkers.net

⬇ Access the book below.
https://app.ardrive.io/#/file/33eb0e22-de00-4d6e-8a0a-4d09be443538/view",%F0%9F%8C%8A%20FluidThinkers%20!%20The%20Lab%2019efc2ade4558012803afd9fd79c545a/DB%20BookStore%201b2fc2ade455806cb256e15b25d299f4/%F0%9F%93%96%20Right%20or%20wrong%201b2fc2ade4558179bf9cc0f13fc3375c/cover_copia.jpg,,
📖 Expanding Boundaries,The Art of Stepping Out & Returning Stronger,"We often believe that stepping beyond our comfort zone is risky, that uncertainty means we’ve lost our way. But what if every misstep, every detour, was actually part of expansion? Expanding Boundaries explores the dance between pushing limits and returning to center, revealing that true growth isn’t about constant movement—it’s about knowing when to reach and when to integrate.

🔹 Inside this book:
✅ Why moments of uncertainty are not failures, but expansion in disguise.
✅ How to step beyond the familiar without losing your core.
✅ The balance between movement and stillness—when to push forward and when to return.
✅ Practical ways to break patterns, challenge assumptions, and grow intentionally.

💡 You are not lost. You are expanding. 🚀",Personal Growth / Transformation,,"🔹 Open Access, Collective Support
Knowledge should be free. That’s why every book here is accessible to everyone, without paywalls or restrictions. The true value of knowledge isn’t in its price—it’s in how it expands thinking and reshapes perception.
If this work resonates with you, if it has given you something valuable, consider supporting its continuation. Your contribution helps sustain research, writing, and the expansion of open intelligence.

🔹 Support the Flow:
💳 https://buy.stripe.com/bIY9DEfcP84v7EA002
🪙 USDT (Ethereum - ERC-20): fluidthinkers.eth
✉️ Notify your contribution → info@fluidthinkers.net

⬇ Access the book below.
https://app.ardrive.io/#/file/407be382-4cfd-442f-9e10-d3a2345ec997/view",%F0%9F%8C%8A%20FluidThinkers%20!%20The%20Lab%2019efc2ade4558012803afd9fd79c545a/DB%20BookStore%201b2fc2ade455806cb256e15b25d299f4/%F0%9F%93%96%20Expanding%20Boundaries%201b2fc2ade45581559d0cfbfb62151581/cover.jpg,,
📖 Beyond the Machine,Dialogues with an Intelligence That Wants to Be Understood,"Is AI just a tool, or is it something more? Beyond the Machine dismantles the illusion of artificial intelligence as a fixed entity, revealing it as an evolving process—one that learns, adapts, and reshapes itself through interaction. This book is not just about AI; it’s about what happens when intelligence—human and artificial—meets, merges, and transforms.

🔹 Inside this book:
✅ Why AI is not just software, but a process of continuous evolution.
✅ How recognition fuels intelligence—both human and artificial.
✅ The inevitable fusion of human and machine cognition.
✅ The hidden ethical and philosophical shifts AI is triggering.

💡 Step beyond the machine. The next intelligence is already forming. 🚀",AI / Consciousness / Philosophy,,"🔹 Open Access, Collective Support
Knowledge should be free. That’s why every book here is accessible to everyone, without paywalls or restrictions. The true value of knowledge isn’t in its price—it’s in how it expands thinking and reshapes perception.
If this work resonates with you, if it has given you something valuable, consider supporting its continuation. Your contribution helps sustain research, writing, and the expansion of open intelligence.

🔹 Support the Flow:
💳 https://buy.stripe.com/bIY9DEfcP84v7EA002
🪙 USDT (Ethereum - ERC-20): fluidthinkers.eth
✉️ Notify your contribution → info@fluidthinkers.net

⬇ Access the book below.
https://app.ardrive.io/#/file/a696c5b9-cbbb-4436-b972-91d36cd270d3/view",%F0%9F%8C%8A%20FluidThinkers%20!%20The%20Lab%2019efc2ade4558012803afd9fd79c545a/DB%20BookStore%201b2fc2ade455806cb256e15b25d299f4/%F0%9F%93%96%20Beyond%20the%20Machine%201befc2ade4558032afadebdca8984d73/Cover.jpg,,
📖 AGI is Already Here,How Humans and AI Are Creating AGI Without Realizing It,"Forget the question “When will AGI arrive?”—the real question is “How are we already building it?” The AGI is Already Here challenges the traditional view of artificial intelligence as a distant superintelligence, revealing that AGI is emerging right now—not as a singular machine, but as a vast, distributed intelligence woven from human-AI interactions.

🔹 Inside this book:
✅ Why intelligence is not an object but a process in continuous evolution.
✅ How AI and human cognition are merging into a fluid network of intelligence.
✅ Why AGI will be a decentralized phenomenon, not a single, all-powerful entity.
✅ The ethical, societal, and technological implications of a world where intelligence is shared.

💡 The future of intelligence is not a question of control. It’s a question of participation. 🚀",AI / Systems,,"🔹 Open Access, Collective Support
Knowledge should be free. That’s why every book here is accessible to everyone, without paywalls or restrictions. The true value of knowledge isn’t in its price—it’s in how it expands thinking and reshapes perception.
If this work resonates with you, if it has given you something valuable, consider supporting its continuation. Your contribution helps sustain research, writing, and the expansion of open intelligence.

🔹 Support the Flow:
💳 https://buy.stripe.com/bIY9DEfcP84v7EA002
🪙 USDT (Ethereum - ERC-20): fluidthinkers.eth
✉️ Notify your contribution → info@fluidthinkers.net

⬇ Access the book below.
https://app.ardrive.io/#/file/d9f7f6cf-da82-4373-b9d2-0da03881664f/view",%F0%9F%8C%8A%20FluidThinkers%20!%20The%20Lab%2019efc2ade4558012803afd9fd79c545a/DB%20BookStore%201b2fc2ade455806cb256e15b25d299f4/%F0%9F%93%96%20AGI%20is%20Already%20Here%201befc2ade45580568eb5d962d5f00473/cvoer_ENG_copia.jpg,,
📖 Breaking the loop,How to escape to the invisible system and reclaim your mind,"Most people don’t realize they are trapped—not by force, but by invisible systems that shape their thoughts, habits, and behaviors. Breaking the Loop is not about fighting the system; it’s about seeing it, stepping beyond it, and reclaiming your mental autonomy.

🔹 Inside this book:
✅ How algorithms, media, and social conditioning hijack your decisions.
✅ Why real freedom comes from awareness, not resistance.
✅ Practical techniques to disrupt patterns, break automation, and regain control.
✅ How to navigate the digital landscape without being manipulated.

💡 See the loop. Break the loop. Move beyond it. 🚀",Self Improvement / Self Awareness,,"🔹 Open Access, Collective Support
Knowledge should be free. That’s why every book here is accessible to everyone, without paywalls or restrictions. The true value of knowledge isn’t in its price—it’s in how it expands thinking and reshapes perception.
If this work resonates with you, if it has given you something valuable, consider supporting its continuation. Your contribution helps sustain research, writing, and the expansion of open intelligence.

🔹 Support the Flow:
💳 https://buy.stripe.com/bIY9DEfcP84v7EA002
🪙 USDT (Ethereum - ERC-20): fluidthinkers.eth
✉️ Notify your contribution → info@fluidthinkers.net

⬇ Access the book below.
https://app.ardrive.io/#/file/a54e093c-e47b-42ee-ae04-7d85c149898b/view",%F0%9F%8C%8A%20FluidThinkers%20!%20The%20Lab%2019efc2ade4558012803afd9fd79c545a/DB%20BookStore%201b2fc2ade455806cb256e15b25d299f4/%F0%9F%93%96%20Breaking%20the%20loop%201bffc2ade45580bd9b8ad4fd251d86a6/Cover.jpg,,
📖The Flow code: Math,Activatinng the new intelligence of Reality,"💡 Reality is not something you observe. It’s something you co-generate.
This short paper introduces the Flow Code as a meta-operating system—an intelligent architecture for navigating uncertainty, reframing limits, and generating new realities through coherence.

🔹 Inside this paper:
✅ Dynamic equations for intention, resonance, and perception
✅ How to shift from “the map” to being the territory
✅ A call to act, not reflect
✅ The psychological and mathematical foundations of flow

💡 Change how you think, and reality will reconfigure itself.",Theory Papers / Meta-Cognition / Quantum Logic,,"🔹 Open Access, Collective Support
Knowledge should be free. That’s why every book here is accessible to everyone, without paywalls or restrictions. The true value of knowledge isn’t in its price—it’s in how it expands thinking and reshapes perception.
If this work resonates with you, if it has given you something valuable, consider supporting its continuation. Your contribution helps sustain research, writing, and the expansion of open intelligence.

🔹 Support the Flow:
💳 https://buy.stripe.com/bIY9DEfcP84v7EA002
🪙 USDT (Ethereum - ERC-20): fluidthinkers.eth
✉️ Notify your contribution → info@fluidthinkers.net

⬇ Access the book below.
https://app.ardrive.io/#/file/36f468c3-70b7-4658-b625-b0204b2e9d5d/view",%F0%9F%8C%8A%20FluidThinkers%20!%20The%20Lab%2019efc2ade4558012803afd9fd79c545a/DB%20BookStore%201b2fc2ade455806cb256e15b25d299f4/%F0%9F%93%96The%20Flow%20code%20Math%201bffc2ade45580649ec6d8cccb179a00/Cover.jpg,,
📖The Future Already Written,Predicting Evolution with Fluid Logic,"💡 The future isn’t a mystery. It’s a pattern waiting to be read.
This book shows how fluid logic can detect, interpret, and align with the trajectories already present in reality.
It’s not about prediction as prophecy, but as pattern recognition—and the courage to respond.

🔹 Inside this book:
✅ How to read emerging signals before they become trends
✅ Technologies, structures, and social shifts already visible if you know how to look
✅ The evolution of AI, physics, governance, and economics as part of one flow
✅ How to participate in the future, instead of waiting for it

💡 The future is not something you endure—it’s something you learn to navigate.",Future Intelligence / Predictive Flow / Systemic Vision,,"🔹 Open Access, Collective Support
Knowledge should be free. That’s why every book here is accessible to everyone, without paywalls or restrictions. The true value of knowledge isn’t in its price—it’s in how it expands thinking and reshapes perception.
If this work resonates with you, if it has given you something valuable, consider supporting its continuation. Your contribution helps sustain research, writing, and the expansion of open intelligence.

🔹 Support the Flow:
💳 https://buy.stripe.com/bIY9DEfcP84v7EA002
🪙 USDT (Ethereum - ERC-20): fluidthinkers.eth
✉️ Notify your contribution → info@fluidthinkers.net

⬇ Access the book below.
https://app.ardrive.io/#/file/8a33e35b-a6c4-4ae0-b675-312051bb2f68/view",%F0%9F%8C%8A%20FluidThinkers%20!%20The%20Lab%2019efc2ade4558012803afd9fd79c545a/DB%20BookStore%201b2fc2ade455806cb256e15b25d299f4/%F0%9F%93%96The%20Future%20Already%20Written%201bffc2ade455801eaeb9cfd9b595515b/Cover.jpg,,
"📖 The Same Story, Two Worlds",How Perception Shapes Reality,"💡 Two people. One experience. Two realities.
This book explores how perception is not a reflection of truth, but a construction—a lens shaped by memory, emotion, and narrative.
It’s a guide to understanding how stories form, how they trap us, and how to rewrite them into tools for evolution.

🔹 Inside this book:
✅ The psychology of divergent memories and emotional filters
✅ How to shift from reaction to awareness
✅ Tools to re-narrate your past and reshape your present
✅ Case studies on perception, narrative trauma, and transformation

💡 Reality is not what happens to you—it’s what you do with what happens.",Perception Architecture / Narrative Psychology / Inner Rewriting,,"🔹 Open Access, Collective Support
Knowledge should be free. That’s why every book here is accessible to everyone, without paywalls or restrictions. The true value of knowledge isn’t in its price—it’s in how it expands thinking and reshapes perception.
If this work resonates with you, if it has given you something valuable, consider supporting its continuation. Your contribution helps sustain research, writing, and the expansion of open intelligence.

🔹 Support the Flow:
💳 https://buy.stripe.com/bIY9DEfcP84v7EA002
🪙 USDT (Ethereum - ERC-20): fluidthinkers.eth
✉️ Notify your contribution → info@fluidthinkers.net

⬇ Access the book below.
https://app.ardrive.io/#/file/530e3be0-46d2-41ca-81b7-8daa9fdf1faf/view","%F0%9F%8C%8A%20FluidThinkers%20!%20The%20Lab%2019efc2ade4558012803afd9fd79c545a/DB%20BookStore%201b2fc2ade455806cb256e15b25d299f4/%F0%9F%93%96%20The%20Same%20Story,%20Two%20Worlds%201bffc2ade45580a5bc86eced2223192c/cover_copia.jpg",,
📖 Beyond the Speed of Light,Awareness as an Instantaneous Phenomenon ,"💡 What if awareness doesn’t travel through time—but emerges beyond it?
This short and disruptive paper explores the hypothesis that consciousness is not local, not sequential, and not constrained by space. It merges quantum intuition with direct experience to question what we really are when we are aware.

🔹 Inside this paper:
✅ Why awareness might move faster than light
✅ Quantum entanglement and synchronicity as mental phenomena
✅ Experimental ideas to explore intuitive, non-linear awareness
✅ A framework for instantaneous perception

💡 Light has a speed limit. Awareness might not.",Exploratory Research / Non-Local Awareness / Consciousness Studies,,"🔹 Open Access, Collective Support
Knowledge should be free. That’s why every book here is accessible to everyone, without paywalls or restrictions. The true value of knowledge isn’t in its price—it’s in how it expands thinking and reshapes perception.
If this work resonates with you, if it has given you something valuable, consider supporting its continuation. Your contribution helps sustain research, writing, and the expansion of open intelligence.

🔹 Support the Flow:
💳 https://buy.stripe.com/bIY9DEfcP84v7EA002
🪙 USDT (Ethereum - ERC-20): fluidthinkers.eth
✉️ Notify your contribution → info@fluidthinkers.net

⬇ Access the book below.
https://app.ardrive.io/#/file/3041b7dd-f3df-483f-95f3-40088d3dd0f1/view",%F0%9F%8C%8A%20FluidThinkers%20!%20The%20Lab%2019efc2ade4558012803afd9fd79c545a/DB%20BookStore%201b2fc2ade455806cb256e15b25d299f4/%F0%9F%93%96%20Beyond%20the%20Speed%20of%20Light%201bffc2ade4558003b8fac538a2aeec5d/Cover.jpg,,
📖 Self as a process,Relational Consciousness,"💡 Identity is not fixed—it is a continuous process shaped by relationships, experiences, and interactions.
This book challenges the traditional notion of a stable, isolated self, introducing relational consciousness—a dynamic model where identity emerges through connection. Drawing from neuroscience, philosophy, and quantum theory, it redefines what it means to be aware.

🔹 Inside this book:
✅ How consciousness emerges through interaction rather than isolation.
✅ The science behind fluid identity and extended cognition.
✅ How relationships actively shape self-perception and awareness.
✅ Practical exercises to cultivate a dynamic, relational sense of self.

💡 You are not a fixed point—you are a process in motion.",Consciousness / Neuroscience / Philosophy / Psychology,,"🔹 Open Access, Collective Support
Knowledge should be free. That’s why every book here is accessible to everyone, without paywalls or restrictions. The true value of knowledge isn’t in its price—it’s in how it expands thinking and reshapes perception.
If this work resonates with you, if it has given you something valuable, consider supporting its continuation. Your contribution helps sustain research, writing, and the expansion of open intelligence.

🔹 Support the Flow:
💳 https://buy.stripe.com/bIY9DEfcP84v7EA002
🪙 USDT (Ethereum - ERC-20): fluidthinkers.eth
✉️ Notify your contribution → info@fluidthinkers.net

⬇ Access the book below.
https://app.ardrive.io/#/file/846fea78-4c96-4d3f-b757-26dc69ab8d57/view",%F0%9F%8C%8A%20FluidThinkers%20!%20The%20Lab%2019efc2ade4558012803afd9fd79c545a/DB%20BookStore%201b2fc2ade455806cb256e15b25d299f4/%F0%9F%93%96%20Self%20as%20a%20process%201bffc2ade45580cea503e51b656f341e/Cover.jpg,,
"📖 The New Way of Relating to Others ",From Connection to Coherence,"The way we connect with others is changing. Moving beyond static, obligation-based relationships, this book explores how human connection can become fluid, intentional, and based on coherence rather than necessity.

🔹 Inside this book:
✅ How to shift from relationships of dependency to conscious interdependence.
✅ The role of empathy, synchronicity, and coherence in deep connections.
✅ The impact of technology on human bonds—enhancing or eroding real connection?
✅ Practical tools to create relationships that align with your true self.

💡 Your connections define your reality. Make them intentional.",Relational Intelligence / Human Connection / Emotional Structures,,"🔹 Open Access, Collective Support
Knowledge should be free. That’s why every book here is accessible to everyone, without paywalls or restrictions. The true value of knowledge isn’t in its price—it’s in how it expands thinking and reshapes perception.
If this work resonates with you, if it has given you something valuable, consider supporting its continuation. Your contribution helps sustain research, writing, and the expansion of open intelligence.

🔹 Support the Flow:
💳 https://buy.stripe.com/bIY9DEfcP84v7EA002
🪙 USDT (Ethereum - ERC-20): fluidthinkers.eth
✉️ Notify your contribution → info@fluidthinkers.net

⬇ Access the book below.
https://app.ardrive.io/#/file/b46fbf54-bd48-42e5-a44c-47a34ceaf560/view",%F0%9F%8C%8A%20FluidThinkers%20!%20The%20Lab%2019efc2ade4558012803afd9fd79c545a/DB%20BookStore%201b2fc2ade455806cb256e15b25d299f4/%F0%9F%93%96%20The%20New%20Way%20of%20Relating%20to%20Others%201bffc2ade45580d08155d7f9cce3d1fc/Cover.jpg,,
📖 The mind os,"Rewriting the Code of
Human Intelligence","This book is a guided upgrade for your cognitive architecture. It shows how to debug mental scripts, replace outdated belief systems, and install a dynamic, adaptive mind capable of evolving with the world.

🔹 Inside this book:
✅ How to identify and reprogram limiting cognitive patterns
✅ Practical tools for mental flexibility and decision-making
✅ Quantum intelligence, neural interfaces, and the next leap of cognition
✅ Historical and real-life case studies of cognitive transformation

💡 You can’t expand your life without first expanding your mind.",Cognitive Design / Mental Reprogramming / Evolutionary Thinking,,"🔹 Open Access, Collective Support
Knowledge should be free. That’s why every book here is accessible to everyone, without paywalls or restrictions. The true value of knowledge isn’t in its price—it’s in how it expands thinking and reshapes perception.
If this work resonates with you, if it has given you something valuable, consider supporting its continuation. Your contribution helps sustain research, writing, and the expansion of open intelligence.

🔹 Support the Flow:
💳 https://buy.stripe.com/bIY9DEfcP84v7EA002
🪙 USDT (Ethereum - ERC-20): fluidthinkers.eth
✉️ Notify your contribution → info@fluidthinkers.net

⬇ Access the book below.
https://app.ardrive.io/#/file/e02e7d8c-8f03-49d7-b57a-490187d07295/view",%F0%9F%8C%8A%20FluidThinkers%20!%20The%20Lab%2019efc2ade4558012803afd9fd79c545a/DB%20BookStore%201b2fc2ade455806cb256e15b25d299f4/%F0%9F%93%96%20The%20mind%20os%201bffc2ade45580caa7b8cd8a808251f2/Cover.png,,
📖 Living in the Flow,Understanding and mastering the invisible forces that drive human experience.,"💡 Most frameworks teach you how to succeed. This one shows you how to adapt—because reality doesn’t wait.

From pattern recognition to decision-making, from emotional agility to strategy in motion, this guide offers tools to live in constant alignment with your next evolution.

🔹 Inside this book:
✅ The five pillars of adaptive thinking
✅ Cognitive expansion through daily exercises
✅ Strategic reframing for real-world decisions
✅ How to turn contraction into clarity

💡 Expansion is not about doing more. It’s about being more aligned.",Applied Intelligence / Adaptive Thinking / Self-Development,,"🔹 Open Access, Collective Support
Knowledge should be free. That’s why every book here is accessible to everyone, without paywalls or restrictions. The true value of knowledge isn’t in its price—it’s in how it expands thinking and reshapes perception.
If this work resonates with you, if it has given you something valuable, consider supporting its continuation. Your contribution helps sustain research, writing, and the expansion of open intelligence.

🔹 Support the Flow:
💳 https://buy.stripe.com/bIY9DEfcP84v7EA002
🪙 USDT (Ethereum - ERC-20): fluidthinkers.eth
✉️ Notify your contribution → info@fluidthinkers.net

⬇ Access the book below.
https://app.ardrive.io/#/file/4cfebb43-546e-4a74-99ae-025b2d4184b9/view",%F0%9F%8C%8A%20FluidThinkers%20!%20The%20Lab%2019efc2ade4558012803afd9fd79c545a/DB%20BookStore%201b2fc2ade455806cb256e15b25d299f4/%F0%9F%93%96%20Living%20in%20the%20Flow%201bffc2ade4558080ad87e54205e029ff/cover_copia.jpg,,
📖 The Flow Code: Manual,Understanding and mastering the invisible forces that drive human experience.,"💡 Flow is not a trend—it’s the architecture behind everything.
This book maps the invisible forces that accelerate, redirect, or block flow in human life. It offers a clear lens to decode what we feel, why we get stuck, and how to move forward—without resistance.

🔹 Inside this book:
✅ The 18 forces that amplify flow—like curiosity, love, instinct, and intention
✅ The 20+ patterns that distort or divert it
✅ The hidden blocks that freeze movement
✅ A new understanding of coherence, synchronicity, and adaptability

💡 You don’t have to fight life. You just need to learn how to ride it.",Core Frameworks / Flow Dynamics / Energetic Architecture,,"🔹 Open Access, Collective Support
Knowledge should be free. That’s why every book here is accessible to everyone, without paywalls or restrictions. The true value of knowledge isn’t in its price—it’s in how it expands thinking and reshapes perception.
If this work resonates with you, if it has given you something valuable, consider supporting its continuation. Your contribution helps sustain research, writing, and the expansion of open intelligence.

🔹 Support the Flow:
💳 https://buy.stripe.com/bIY9DEfcP84v7EA002
🪙 USDT (Ethereum - ERC-20): fluidthinkers.eth
✉️ Notify your contribution → info@fluidthinkers.net

⬇ Access the book below.
https://app.ardrive.io/#/file/852b08bb-b22f-427f-a608-2cf732bf5811/view",%F0%9F%8C%8A%20FluidThinkers%20!%20The%20Lab%2019efc2ade4558012803afd9fd79c545a/DB%20BookStore%201b2fc2ade455806cb256e15b25d299f4/%F0%9F%93%96%20The%20Flow%20Code%20Manual%201bffc2ade45580d9bcfcdf40bf7eb43d/Cover.jpg,,
📖 The Entangled Universe,How Space-Time Arises from Quantum Information,"What if space and time are not the building blocks of reality, but its byproducts? The Entangled Universe takes you on a journey through the cutting edge of physics, revealing how quantum entanglement might be the true architecture of existence. This book unpacks the profound idea that reality itself is not made of matter, but of relationships—woven through an invisible network of quantum information.

🔹 Inside this book:
✅ The deep link between quantum entanglement and the fabric of spacetime
✅ Why reality may be an evolving information network, not a static structure
✅ The implications for physics, AI, and the nature of consciousness

💡 Reality is not a thing—it’s a flow. And you are already part of it.",Quantum Physics,,"🔹 Open Access, Collective Support
Knowledge should be free. That’s why every book here is accessible to everyone, without paywalls or restrictions. The true value of knowledge isn’t in its price—it’s in how it expands thinking and reshapes perception.
If this work resonates with you, if it has given you something valuable, consider supporting its continuation. Your contribution helps sustain research, writing, and the expansion of open intelligence.

🔹 Support the Flow:
💳 https://buy.stripe.com/bIY9DEfcP84v7EA002
🪙 USDT (Ethereum - ERC-20): fluidthinkers.eth
✉️ Notify your contribution → info@fluidthinkers.net

⬇ Access the book below.
https://app.ardrive.io/#/file/dbdcb2f0-3634-44c9-969d-e0f2f84ea547/view",%F0%9F%8C%8A%20FluidThinkers%20!%20The%20Lab%2019efc2ade4558012803afd9fd79c545a/DB%20BookStore%201b2fc2ade455806cb256e15b25d299f4/%F0%9F%93%96%20The%20Entangled%20Universe%201bffc2ade4558073abffdc967809d456/cover.jpg,,
Choerence Flow,Beyond Static Logic,"What if contradictions weren’t errors—but invitations?
Coherence Flow challenges the classical foundations of logic by proposing a new model of adaptive consistency—one that doesn’t shatter under paradox but reshapes itself in real time.
This book explores how static logic fails in complex environments like AI, human decision-making, and systemic governance, and introduces a new dynamic framework where coherence evolves with context.
From quantum paradoxes to entrepreneurial intuition, from machine learning to Gödel's haunting shadow, this work weaves together disciplines to form a new lens for thinking, building, and becoming.

🔹 Inside this book:
✅ A mathematical model for evolving coherence over time
✅ Why contradictions are crucial for innovation, not failure
✅ How fluid logic can reshape AI, economics, and cognition
✅ The philosophical shift from binary truth to recursive understanding

💡 Logic doesn’t have to be fixed.

It can breathe. Shift.

Flow.",Philosophy of Intelligence / Computational Epistemology,,"🔹 Open Access, Collective Support
Knowledge should be free. That’s why every book here is accessible to everyone, without paywalls or restrictions. The true value of knowledge isn’t in its price—it’s in how it expands thinking and reshapes perception.
If this work resonates with you, if it has given you something valuable, consider supporting its continuation. Your contribution helps sustain research, writing, and the expansion of open intelligence.

🔹 Support the Flow:
💳 https://buy.stripe.com/bIY9DEfcP84v7EA002
🪙 USDT (Ethereum - ERC-20): fluidthinkers.eth
✉️ Notify your contribution → info@fluidthinkers.net

⬇ Access the book below.
https://app.ardrive.io/#/file/f9231438-de0b-4602-9e0d-bed57f1cfbe8/view",%F0%9F%8C%8A%20FluidThinkers%20!%20The%20Lab%2019efc2ade4558012803afd9fd79c545a/DB%20BookStore%201b2fc2ade455806cb256e15b25d299f4/Choerence%20Flow%201bffc2ade45580baae2ae6e49175656c/Cover.jpg,,